Molecular Name,Total Helix Ratio,Left Helix Ratio,Right Helix Ratio,Formatted Helix Ratio
e6,0.041839516415787606,0.016576643695287763,0.02526287272049984,60:39
e7,0.04094874591057797,0.015787266168945557,0.025161479741632412,61:38
e8,0.04161105377823644,0.015257424607269808,0.026353629170966633,63:36
e9,0.04102327639644022,0.0151258573892129,0.02589741900722732,63:36
e10,0.04130473019084095,0.015068983189998317,0.02623574700084264,63:36
e11,0.041529577496527734,0.014967040750051213,0.026562536746476517,63:36
