Molecular Name,Total Helix Ratio,Left Helix Ratio,Right Helix Ratio,Formatted Helix Ratio
e6,0.0519988486090181,0.021204783916648325,0.030794064692369776,59:40
e7,0.05058440287447921,0.02048625674579873,0.03009814612868048,59:40
e8,0.047476971295340745,0.019002025761571686,0.02847494553376906,59:40
e9,0.047091815736832535,0.01857247335147342,0.028519342385359116,60:39
e10,0.04531057002615947,0.017712567606304325,0.02759800241985515,60:39
e11,0.045034528107876934,0.017394220749855107,0.027640307358021823,61:38
